{
  "segment":{
    "0":{
      "duration":0.1018675722,
      "end":1.1629881154,
      "middle":1.1120543294,
      "start":1.0611205433
    },
    "1":{
      "duration":0.0339558574,
      "end":1.2478777589,
      "middle":1.2308998302,
      "start":1.2139219015
    },
    "2":{
      "duration":0.1188455008,
      "end":1.4176570458,
      "middle":1.3582342954,
      "start":1.298811545
    },
    "3":{
      "duration":0.1018675722,
      "end":1.5365025467,
      "middle":1.4855687606,
      "start":1.4346349745
    },
    "4":{
      "duration":0.4244482173,
      "end":2.9966044143,
      "middle":2.7843803056,
      "start":2.5721561969
    },
    "5":{
      "duration":0.6451612903,
      "end":5.6791171477,
      "middle":5.3565365025,
      "start":5.0339558574
    },
    "6":{
      "duration":13.7691001698,
      "end":19.533106961,
      "middle":12.6485568761,
      "start":5.7640067912
    },
    "7":{
      "duration":5.2631578947,
      "end":26.103565365,
      "middle":23.4719864177,
      "start":20.8404074703
    },
    "8":{
      "duration":2.4617996604,
      "end":29.3803056027,
      "middle":28.1494057725,
      "start":26.9185059423
    },
    "9":{
      "duration":0.7470288625,
      "end":30.3989813243,
      "middle":30.025466893,
      "start":29.6519524618
    },
    "10":{
      "duration":1.765704584,
      "end":34.4736842105,
      "middle":33.5908319185,
      "start":32.7079796265
    },
    "11":{
      "duration":0.3565365025,
      "end":35.5263157895,
      "middle":35.3480475382,
      "start":35.1697792869
    },
    "12":{
      "duration":1.1205432937,
      "end":36.8166383701,
      "middle":36.2563667233,
      "start":35.6960950764
    },
    "13":{
      "duration":5.8743633277,
      "end":48.1409168081,
      "middle":45.2037351443,
      "start":42.2665534805
    },
    "14":{
      "duration":4.4821731749,
      "end":53.9813242784,
      "middle":51.740237691,
      "start":49.4991511036
    },
    "15":{
      "duration":3.1578947368,
      "end":61.1969439728,
      "middle":59.6179966044,
      "start":58.039049236
    },
    "16":{
      "duration":0.8998302207,
      "end":63.4380305603,
      "middle":62.9881154499,
      "start":62.5382003396
    },
    "17":{
      "duration":1.9185059423,
      "end":67.3429541596,
      "middle":66.3837011885,
      "start":65.4244482173
    },
    "18":{
      "duration":1.273344652,
      "end":71.2818336163,
      "middle":70.6451612903,
      "start":70.0084889643
    },
    "19":{
      "duration":1.714770798,
      "end":77.9711375212,
      "middle":77.1137521222,
      "start":76.2563667233
    },
    "20":{
      "duration":4.1765704584,
      "end":83.1324278438,
      "middle":81.0441426146,
      "start":78.9558573854
    },
    "21":{
      "duration":6.1969439728,
      "end":91.8590831919,
      "middle":88.7606112054,
      "start":85.662139219
    },
    "22":{
      "duration":1.7317487267,
      "end":95.9168081494,
      "middle":95.0509337861,
      "start":94.1850594228
    },
    "23":{
      "duration":0.882852292,
      "end":97.1731748727,
      "middle":96.7317487267,
      "start":96.2903225806
    },
    "24":{
      "duration":1.5619694397,
      "end":100.3989813243,
      "middle":99.6179966044,
      "start":98.8370118846
    },
    "25":{
      "duration":2.7843803056,
      "end":104.8641765705,
      "middle":103.4719864177,
      "start":102.0797962649
    },
    "26":{
      "duration":2.7843803056,
      "end":107.8862478778,
      "middle":106.494057725,
      "start":105.1018675722
    },
    "27":{
      "duration":1.0356536503,
      "end":109.2275042445,
      "middle":108.7096774194,
      "start":108.1918505942
    },
    "28":{
      "duration":0.3225806452,
      "end":111.3837011885,
      "middle":111.2224108659,
      "start":111.0611205433
    },
    "29":{
      "duration":3.5823429542,
      "end":115.5093378608,
      "middle":113.7181663837,
      "start":111.9269949066
    },
    "30":{
      "duration":1.2054329372,
      "end":117.6825127334,
      "middle":117.0797962649,
      "start":116.4770797963
    }
  },
  "label":{
    "0":"A",
    "1":"B",
    "2":"C",
    "3":"D",
    "4":"E",
    "5":"F",
    "6":"G",
    "7":"H",
    "8":"I",
    "9":"J",
    "10":"K",
    "11":"L",
    "12":"M",
    "13":"N",
    "14":"O",
    "15":"P",
    "16":"Q",
    "17":"R",
    "18":"S",
    "19":"T",
    "20":"U",
    "21":"V",
    "22":"W",
    "23":"X",
    "24":"Y",
    "25":"Z",
    "26":"AA",
    "27":"AB",
    "28":"AC",
    "29":"AD",
    "30":"AE"
  },
  "speaker":{
    "0":"SPEAKER_00",
    "1":"SPEAKER_00",
    "2":"SPEAKER_00",
    "3":"SPEAKER_00",
    "4":"SPEAKER_00",
    "5":"SPEAKER_00",
    "6":"SPEAKER_00",
    "7":"SPEAKER_00",
    "8":"SPEAKER_00",
    "9":"SPEAKER_00",
    "10":"SPEAKER_00",
    "11":"SPEAKER_01",
    "12":"SPEAKER_00",
    "13":"SPEAKER_01",
    "14":"SPEAKER_01",
    "15":"SPEAKER_01",
    "16":"SPEAKER_01",
    "17":"SPEAKER_01",
    "18":"SPEAKER_01",
    "19":"SPEAKER_01",
    "20":"SPEAKER_01",
    "21":"SPEAKER_01",
    "22":"SPEAKER_01",
    "23":"SPEAKER_01",
    "24":"SPEAKER_01",
    "25":"SPEAKER_01",
    "26":"SPEAKER_01",
    "27":"SPEAKER_01",
    "28":"SPEAKER_01",
    "29":"SPEAKER_01",
    "30":"SPEAKER_01"
  },
  "start":{
    "0":1.0611205433,
    "1":1.2139219015,
    "2":1.298811545,
    "3":1.4346349745,
    "4":2.5721561969,
    "5":5.0339558574,
    "6":5.7640067912,
    "7":20.8404074703,
    "8":26.9185059423,
    "9":29.6519524618,
    "10":32.7079796265,
    "11":35.1697792869,
    "12":35.6960950764,
    "13":42.2665534805,
    "14":49.4991511036,
    "15":58.039049236,
    "16":62.5382003396,
    "17":65.4244482173,
    "18":70.0084889643,
    "19":76.2563667233,
    "20":78.9558573854,
    "21":85.662139219,
    "22":94.1850594228,
    "23":96.2903225806,
    "24":98.8370118846,
    "25":102.0797962649,
    "26":105.1018675722,
    "27":108.1918505942,
    "28":111.0611205433,
    "29":111.9269949066,
    "30":116.4770797963
  },
  "end":{
    "0":1.1629881154,
    "1":1.2478777589,
    "2":1.4176570458,
    "3":1.5365025467,
    "4":2.9966044143,
    "5":5.6791171477,
    "6":19.533106961,
    "7":26.103565365,
    "8":29.3803056027,
    "9":30.3989813243,
    "10":34.4736842105,
    "11":35.5263157895,
    "12":36.8166383701,
    "13":48.1409168081,
    "14":53.9813242784,
    "15":61.1969439728,
    "16":63.4380305603,
    "17":67.3429541596,
    "18":71.2818336163,
    "19":77.9711375212,
    "20":83.1324278438,
    "21":91.8590831919,
    "22":95.9168081494,
    "23":97.1731748727,
    "24":100.3989813243,
    "25":104.8641765705,
    "26":107.8862478778,
    "27":109.2275042445,
    "28":111.3837011885,
    "29":115.5093378608,
    "30":117.6825127334
  }
}